CollectionCode,Family,proportion
CDS,Asteraceae,0.06182819844905536
CDS,Poaceae,0.05230695529806282
CDS,Physciaceae (= Caliciaceae),0.04548040360489835
CDS,Parmeliaceae,0.04422288092457858
CDS,Fabaceae,0.04030060780262882
CDS,Euphorbiaceae,0.034402227611605135
CDS,Roccellaceae,0.03359382017425672
CDS,Boraginaceae,0.033503997125662446
CDS,Ramalinaceae,0.03224647444534268
CDS,Malvaceae,0.02751579388604449
CDS,Amaranthaceae,0.02536004071978203
CDS,Solanaceae,0.025090571573999222
CDS,Graphidaceae,0.021797059792209347
CDS,Convolvulaceae,0.018503548010419472
CDS,Cactaceae,0.01772508158926914
CDS,Cyperaceae,0.015539387406808587
CDS,Arthoniaceae,0.015150154196233421
CDS,Verbenaceae,0.014880685050450612
CDS,Lecanoraceae,0.01398245456450792
CDS,Myrtaceae,0.013563280337734662
CDS,Rubiaceae,0.01260516781939579
CDS,Teloschistaceae,0.011197940058085571
CDS,Collemataceae,0.010718883798916135
CDS,Lamiaceae,0.010718883798916135
CDS,Pilocarpaceae,0.010569178717925686
CDS,Pyrenulaceae,0.010449414653133328
CDS,Cladoniaceae,0.01006018144255816
CDS,Passifloraceae,0.009042186891823109
CDS,Pertusariaceae,0.0087727177460403
CDS,Caesalpinaceae,0.008413425551663224
CDS,Nyctaginaceae,0.008353543519267044
CDS,Burseraceae,0.007664900146710979
CDS,Acanthaceae,0.00763495913051289
CDS,Apocynaceae,0.006587023563579748
CDS,Pteridaceae,0.00634749543399503
CDS,Plantaginaceae,0.006078026288212222
CDS,Mimosaceae,0.005449264948052337
CDS,Trypetheliaceae,0.005239677834665709
CDS,Molluginaceae,0.005209736818467619
CDS,Loasaceae,0.00503009072127908
CDS,Stereocaulaceae,0.004820503607892452
CDS,Thelypteridaceae,0.0045210934459115545
CDS,Cucurbitaceae,0.004461211413515374
CDS,Rutaceae,0.004341447348723016
CDS,Aizoaceae,0.004311506332524926
CDS,Polypodiaceae,0.004311506332524926
CDS,Oxalidaceae,0.004101919219138298
CDS,Coccocarpiaceae,0.004042037186742118
CDS,Urticaceae,0.004042037186742118
CDS,Gomphillaceae,0.003982155154345938
CDS,Piperaceae,0.003982155154345938
CDS,Simaroubaceae,0.003952214138147849
CDS,Araceae,0.0038923321057516692
CDS,Celastraceae,0.0038923321057516692
CDS,Portulacaceae,0.0038025090571574
CDS,Rosaceae,0.00377256804095931
CDS,Lobariaceae,0.003652803976166951
CDS,Brassicaceae,0.0035929219437707714
CDS,Dryopteridaceae,0.0034432168627803227
CDS,Lejeuneaceae,0.0033234527979879636
CDS,Zygophyllaceae,0.0032336297493936943
CDS,Commelinaceae,0.0032036887331956046
CDS,Combretaceae,0.003113865684601335
CDS,Orchidaceae,0.002934219587412797
CDS,Dictyotaceae,0.002874337555016617
CDS,Apiaceae,0.0027246324740261684
CDS,Sapindaceae,0.0026946914578280788
CDS,Rhamnaceae,0.0026048684092338094
CDS,Aspleniaceae,0.0026048684092338094
CDS,Davalliaceae,0.002425222312045271
CDS,Scrophulariaceae,0.002395281295847181
CDS,Polygonaceae,0.0023653402796490913
CDS,Plumbaginaceae,0.002305458247252912
CDS,Meteoriaceae,0.002275517231054822
CDS,Roccellographaceae,0.002275517231054822
CDS,Chrysotrichaceae,0.0022156351986586426
CDS,Amaryllidaceae,0.002185694182460553
CDS,Polyporaceae,0.002155753166262463
CDS,Balsaminaceae,0.0020958711338662835
CDS,Phyllanthaceae,0.0020958711338662835
CDS,Cleomaceae,0.0020958711338662835
CDS,Lythraceae,0.0020958711338662835
CDS,Verrucariaceae,0.002006048085272014
CDS,Araliaceae,0.0019761070690739245
CDS,Coenogoniaceae,0.0019461660528758346
CDS,Polygalaceae,0.001886284020479655
CDS,Crassulaceae,0.001766519955687296
CDS,Asparagaceae,0.001766519955687296
CDS,Santalaceae,0.0017365789394892062
CDS,Meliaceae,0.0017066379232911165
CDS,Haematommataceae,0.0016766969070930266
CDS,Lycopodiaceae,0.0015569328423006676
CDS,Caryophyllaceae,0.0015569328423006676
CDS,Montiaceae,0.0015569328423006676
CDS,Porinaceae,0.0015569328423006676
CDS,Vitaceae,0.001526991826102578
CDS,Annonaceae,0.001407227761310219
CDS,Brigantiaeaceae,0.001407227761310219
CDS,Onagraceae,0.0013473457289140394
CDS,Moraceae,0.0013174047127159495
CDS,Sargassaceae,0.0013174047127159495
CDS,Rhizophoraceae,0.0012874636965178599
CDS,Arecaceae,0.0012874636965178599
CDS,Orthotrichaceae,0.0012874636965178599
CDS,Peltulaceae,0.00125752268031977
CDS,Iridaceae,0.0012275816641216803
CDS,Dicranaceae,0.0012275816641216803
CDS,Agavaceae,0.0011976406479235905
CDS,Monoblastiaceae,0.0011676996317255008
CDS,Cannaceae,0.001137758615527411
CDS,Caulerpaceae,0.001137758615527411
CDS,Bromeliaceae,0.0011078175993293213
CDS,Arthopyreniaceae,0.0010778765831312314
CDS,Zingiberaceae,0.0010778765831312314
CDS,Anacardiaceae,0.0010479355669331418
CDS,Acarosporaceae,0.0010479355669331418
CDS,Caprifoliaceae,0.001017994550735052
CDS,Cystocloniaceae,0.001017994550735052
CDS,Blechnaceae,0.001017994550735052
CDS,Musaceae,0.0009880535345369622
CDS,Cupressaceae,0.0009880535345369622
CDS,Marasmiaceae,0.0009880535345369622
CDS,Hymenochaetaceae,0.0009581125183388724
CDS,Dennstaedtiaceae,0.0009581125183388724
CDS,Melastomataceae,0.0009281715021407826
CDS,Pannariaceae,0.0008982304859426928
CDS,Menispermaceae,0.0008982304859426928
CDS,Clusiaceae,0.0008383484535465133
CDS,Halymeniaceae,0.0008383484535465133
CDS,Cannabaceae,0.0008383484535465133
CDS,Sematophyllaceae,0.0008084074373484236
CDS,Lithophyllaceae,0.0008084074373484236
CDS,Ulvaceae,0.0007784664211503338
CDS,Campanulaceae,0.000748525404952244
CDS,Begoniaceae,0.000748525404952244
CDS,Gelidiaceae,0.000748525404952244
CDS,Strigulaceae,0.0007185843887541543
CDS,Gesneriaceae,0.0007185843887541543
CDS,Basellaceae,0.0006886433725560645
CDS,Agyriaceae,0.0006886433725560645
CDS,Bignoniaceae,0.0006587023563579748
CDS,Sapotaceae,0.0006587023563579748
CDS,Ericaceae,0.0006587023563579748
CDS,Lessoniaceae,0.0006587023563579748
CDS,Ochrolechiaceae,0.000628761340159885
CDS,Marantaceae,0.000628761340159885
CDS,Thelenellaceae,0.000628761340159885
CDS,Lauraceae,0.0005988203239617952
CDS,Bartramiaceae,0.0005988203239617952
CDS,Racopilaceae,0.0005988203239617952
CDS,Kallymeniaceae,0.0005988203239617952
CDS,Calymperaceae,0.0005988203239617952
CDS,Malpighiaceae,0.0005988203239617952
CDS,Talinaceae,0.0005688793077637055
CDS,Cladophoraceae,0.0005688793077637055
CDS,Bryaceae,0.0005389382915656157
CDS,Lichinaceae,0.0005389382915656157
CDS,Mycoporaceae,0.0005389382915656157
CDS,Candelariaceae,0.000508997275367526
CDS,Mycosphaerellaceae,0.000508997275367526
CDS,Mycocaliciaceae,0.000508997275367526
CDS,Bataceae,0.000508997275367526
CDS,Phytolaccaceae,0.000508997275367526
CDS,Pottiaceae,0.000508997275367526
CDS,Incertae sedis,0.000508997275367526
CDS,Hypoxidaceae,0.000508997275367526
CDS,Geraniaceae,0.000508997275367526
CDS,Tephromelataceae,0.000508997275367526
CDS,Rhodymeniaceae,0.000508997275367526
CDS,Jubulaceae,0.0004790562591694362
CDS,Bixaceae,0.0004790562591694362
CDS,Pleurotaceae,0.0004790562591694362
CDS,Caricaceae,0.0004790562591694362
CDS,Asphodelaceae,0.0004790562591694362
CDS,Hydnodontaceae,0.0004491152429713464
CDS,Corallinaceae,0.0004491152429713464
CDS,Phyllophoraceae,0.00041917422677325666
CDS,Juglandaceae,0.00041917422677325666
CDS,Scinaiaceae,0.00041917422677325666
CDS,Gracilariaceae,0.00041917422677325666
CDS,Leucobryaceae,0.00041917422677325666
CDS,Pterocladiaceae,0.00041917422677325666
CDS,Rhodomelaceae,0.00041917422677325666
CDS,Rhizophyllidaceae,0.00041917422677325666
CDS,Phanerochaetaceae,0.0003892332105751669
CDS,Bonnemaisoniaceae,0.00035929219437707714
CDS,Salviniaceae,0.00035929219437707714
CDS,Psilotaceae,0.00035929219437707714
CDS,Goodeniaceae,0.00035929219437707714
CDS,Aristolochiaceae,0.0003293511781789874
CDS,Sporochnaceae,0.0003293511781789874
CDS,Casuarinaceae,0.0003293511781789874
CDS,Auriculariaceae,0.0003293511781789874
CDS,Tropaeolaceae,0.0003293511781789874
CDS,Cyclanthaceae,0.0002994101619808976
CDS,Liliaceae,0.0002994101619808976
CDS,Ranunculaceae,0.0002994101619808976
CDS,Bryopsidaceae,0.0002994101619808976
CDS,Asteliaceae,0.00026946914578280785
CDS,Anthericaceae,0.00026946914578280785
CDS,Pandanaceae,0.00026946914578280785
CDS,Plocamiaceae,0.00026946914578280785
CDS,Linaceae,0.00026946914578280785
CDS,Muntingiaceae,0.00026946914578280785
CDS,Salicaceae,0.00026946914578280785
CDS,Oleaceae,0.00026946914578280785
CDS,Sphagnaceae,0.00026946914578280785
CDS,Delesseriaceae,0.00026946914578280785
CDS,Cryphaeaceae,0.00026946914578280785
CDS,Peltigeraceae,0.00026946914578280785
CDS,Hymenophyllaceae,0.0002395281295847181
CDS,Hygrophoraceae,0.0002395281295847181
CDS,Sphinctrinaceae,0.0002395281295847181
CDS,Sterculiaceae,0.0002395281295847181
CDS,Inocybaceae,0.0002395281295847181
CDS,Catillariaceae,0.00020958711338662833
CDS,Stereophyllaceae,0.00020958711338662833
CDS,Phyllachoraceae,0.00020958711338662833
CDS,Cyatheaceae,0.00020958711338662833
CDS,Porolithaceae,0.00020958711338662833
CDS,Hyphodontiaceae,0.00020958711338662833
CDS,Gigartinaceae,0.00020958711338662833
CDS,Solieriaceae,0.00020958711338662833
CDS,Dilleniaceae,0.00020958711338662833
CDS,Xenasmataceae,0.00017964609718853857
CDS,Turneraceae,0.00017964609718853857
CDS,Metzgeriaceae,0.00017964609718853857
CDS,Targioniaceae,0.00017964609718853857
CDS,Violaceae,0.00017964609718853857
CDS,Asterothyriaceae,0.00017964609718853857
CDS,Tremellaceae,0.00017964609718853857
CDS,Daltoniaceae,0.00017964609718853857
CDS,Xylariaceae,0.00017964609718853857
CDS,Aspidotheliaceae,0.0001497050809904488
CDS,Ahnfeltiaceae,0.0001497050809904488
CDS,Meruliaceae,0.0001497050809904488
CDS,Codiaceae,0.0001497050809904488
CDS,Orobanchaceae,0.0001497050809904488
CDS,Megalosporaceae,0.0001497050809904488
CDS,Massalongiaceae,0.0001497050809904488
CDS,Papaveraceae,0.0001497050809904488
CDS,Equisetaceae,0.0001497050809904488
CDS,Hydrangeaceae,0.0001497050809904488
CDS,Lachnocladiaceae,0.0001497050809904488
CDS,Biatorellaceae,0.00011976406479235905
CDS,Icmadophilaceae,0.00011976406479235905
CDS,Pinaceae,0.00011976406479235905
CDS,Cordycipitaceae,0.00011976406479235905
CDS,Proteaceae,0.00011976406479235905
CDS,Heliconiaceae,0.00011976406479235905
CDS,Ophioglossaceae,0.00011976406479235905
CDS,Potamogetonaceae,0.00011976406479235905
CDS,Auriscalpiaceae,0.00011976406479235905
CDS,Frullaniaceae,0.00011976406479235905
CDS,Callicostaceae,0.00011976406479235905
CDS,Desmarestiaceae,0.00011976406479235905
CDS,Dasyaceae,0.00011976406479235905
CDS,Cycadaceae,0.00011976406479235905
CDS,Phallaceae,8.982304859426928e-05
CDS,Caulacanthaceae,8.982304859426928e-05
CDS,Schizophoraceae,8.982304859426928e-05
CDS,Pyrenotrichaceae,8.982304859426928e-05
CDS,Wrangeliaceae,8.982304859426928e-05
CDS,Pallaviciniaceae,8.982304859426928e-05
CDS,Galaxauraceae,8.982304859426928e-05
CDS,Calceolariaceae,8.982304859426928e-05
CDS,Pucciniaceae,8.982304859426928e-05
CDS,Callithamniaceae,8.982304859426928e-05
CDS,Linderniaceae,8.982304859426928e-05
CDS,Viburnaceae,5.988203239617952e-05
CDS,Pyronemataceae,5.988203239617952e-05
CDS,Strelitziaceae,5.988203239617952e-05
CDS,Tubeufiaceae,5.988203239617952e-05
CDS,Stictidaceae,5.988203239617952e-05
CDS,Pterobryaceae,5.988203239617952e-05
CDS,Selaginellaceae,5.988203239617952e-05
CDS,Polemoniaceae,5.988203239617952e-05
CDS,Schizothyriaceae,5.988203239617952e-05
CDS,Hydrocharitaceae,5.988203239617952e-05
CDS,Araucariaceae,5.988203239617952e-05
CDS,Thuidiaceae,5.988203239617952e-05
CDS,Rickenellaceae,5.988203239617952e-05
CDS,Gyalectaceae,5.988203239617952e-05
CDS,Gleicheniaceae,5.988203239617952e-05
CDS,Pluteaceae,5.988203239617952e-05
CDS,Geastraceae,5.988203239617952e-05
CDS,Scytosiphonaceae,5.988203239617952e-05
CDS,Erysiphaceae,5.988203239617952e-05
CDS,Faucheaceae,5.988203239617952e-05
CDS,Ceramiaceae,5.988203239617952e-05
CDS,Strophariaceae,2.994101619808976e-05
CDS,Dothideaceae,2.994101619808976e-05
CDS,Celotheliaceae,2.994101619808976e-05
CDS,Fissidentaceae,2.994101619808976e-05
CDS,Arcyriaceae,2.994101619808976e-05
CDS,Callitrichaceae,2.994101619808976e-05
CDS,Requienellaceae,2.994101619808976e-05
CDS,Dioscoreaceae,2.994101619808976e-05
CDS,Tetrachondraceae,2.994101619808976e-05
CDS,Ceratophyllaceae,2.994101619808976e-05
CDS,Chaconiaceae,2.994101619808976e-05
CDS,Pedaliaceae,2.994101619808976e-05
CDS,Peniophoraceae,2.994101619808976e-05
CDS,Phakopsoraceae,2.994101619808976e-05
CDS,Sporolithaceae,2.994101619808976e-05
CDS,Stereaceae,2.994101619808976e-05
CDS,Fragilariaceae,2.994101619808976e-05
CDS,Balanophoraceae,2.994101619808976e-05
CDS,Funariaceae,2.994101619808976e-05
CDS,Gloeophyllaceae,2.994101619808976e-05
CDS,Calypogeiaceae,2.994101619808976e-05
CDS,Udoteaceae,2.994101619808976e-05
CDS,Lithothamniaceae,2.994101619808976e-05
CDS,Brachytheciaceae,2.994101619808976e-05
CDS,Brachybasidiaceae,2.994101619808976e-05
CDS,Botryosphaeriaceae,2.994101619808976e-05
CDS,Moringaceae,2.994101619808976e-05
CDS,Leptolyngbyaceae,2.994101619808976e-05
CDS,Plagiochilaceae,2.994101619808976e-05
CDS,Ricciaceae,2.994101619808976e-05
CDS,Mycenaceae,2.994101619808976e-05
CDS,Noctuidae,2.994101619808976e-05
CDS,Schizymeniaceae,2.994101619808976e-05
CDS,Haemodoraceae,2.994101619808976e-05
CDS,Calophyllaceae,2.994101619808976e-05
CDS,Glomerellaceae,2.994101619808976e-05
CDS,Pennariidae,2.994101619808976e-05
CDS,Physaraceae,2.994101619808976e-05
ICCDRS,Formicidae,0.22684302349170285
ICCDRS,Noctuidae,0.06256339513936787
ICCDRS,Tenebrionidae,0.05599058708970666
ICCDRS,Curculionidae,0.031768572240029214
ICCDRS,Muscidae,0.027305554428530856
ICCDRS,Gryllidae,0.02369456729013673
ICCDRS,Pyralidae,0.02186878727634195
ICCDRS,Sarcophagidae,0.01971842414898365
ICCDRS,Blattellidae,0.018988112143465737
ICCDRS,Hydrophilidae,0.01760863391082079
ICCDRS,Coccinellidae,0.017000040572889195
ICCDRS,Drosophilidae,0.016634884570130237
ICCDRS,Lygaeidae,0.014687385888749138
ICCDRS,Carabidae,0.014646812999553699
ICCDRS,Staphylinidae,0.013632490769667709
ICCDRS,Elateridae,0.013145616099322433
ICCDRS,Miridae,0.012212439647827322
ICCDRS,Nitidulidae,0.010832961415182375
ICCDRS,Chrysomelidae,0.010630096969205177
ICCDRS,Pterophoridae,0.01030551385564166
ICCDRS,Dolichopodidae,0.010062076520469023
ICCDRS,Paradoxosomatidae,0.00815515072828336
ICCDRS,Cicadellidae,0.008114577839087922
ICCDRS,Vespidae,0.007830567614719845
ICCDRS,Ulidiidae,0.007587130279547207
ICCDRS,Geometridae,0.007546557390351767
ICCDRS,Orthalicidae,0.007343692944374569
ICCDRS,Caraboctonidae,0.007019109830811052
ICCDRS,Erebidae,0.006856818274029294
ICCDRS,Syrphidae,0.006532235160465777
ICCDRS,Cerambycidae,0.006532235160465777
ICCDRS,Ceratopogonidae,0.006004787600925062
ICCDRS,Anisolabididae,0.005801923154947864
ICCDRS,Porcellionidae,0.005599058708970666
ICCDRS,Pentatomidae,0.005436767152188908
ICCDRS,Philosciidae,0.005233902706211709
ICCDRS,Tephritidae,0.00515275692782083
ICCDRS,Blaberidae,0.005112184038625391
ICCDRS,Dytiscidae,0.005031038260234512
ICCDRS,Tettigoniidae,0.005031038260234512
ICCDRS,Oedemeridae,0.005031038260234512
ICCDRS,Acrididae,0.004909319592648192
ICCDRS,Calliphoridae,0.004868746703452753
ICCDRS,Scarabaeidae,0.004828173814257313
ICCDRS,Hypogastruridae,0.004787600925061874
ICCDRS,Sepsidae,0.0041790075871302795
ICCDRS,Tingidae,0.0040167160303485215
ICCDRS,Spirostreptidae,0.0040167160303485215
ICCDRS,Armadillidae,0.003935570251957642
ICCDRS,Entomobryidae,0.003894997362762202
ICCDRS,Agromyzidae,0.003894997362762202
ICCDRS,Cosmopterigidae,0.0037732786951758836
ICCDRS,Nabidae,0.0036515600275895646
ICCDRS,Delphacidae,0.0035704142491986856
ICCDRS,Chrysopidae,0.0035704142491986856
ICCDRS,Cydnidae,0.0034486955816123667
ICCDRS,Chloropidae,0.003367549803221487
ICCDRS,Chalcididae,0.003286404024830608
ICCDRS,Gelechiidae,0.0032458311356351687
ICCDRS,Vertiginidae,0.0030835395788534102
ICCDRS,Araneidae,0.0030835395788534102
ICCDRS,Rhopalidae,0.0029618209112670913
ICCDRS,Tortricidae,0.0029618209112670913
ICCDRS,Bostrichidae,0.0029618209112670913
ICCDRS,Apidae,0.0028806751328762123
ICCDRS,Anobiidae,0.0028401022436807723
ICCDRS,Reduviidae,0.002799529354485333
ICCDRS,Anthribidae,0.002718383576094454
ICCDRS,Bombyliidae,0.002596664908508135
ICCDRS,Phalacridae,0.002596664908508135
ICCDRS,Cleridae,0.002596664908508135
ICCDRS,Phoridae,0.002515519130117256
ICCDRS,Heleomyzidae,0.002515519130117256
ICCDRS,Blattidae,0.002515519130117256
ICCDRS,Autostichidae,0.0024343733517263764
ICCDRS,Gracillariidae,0.002190936016553739
ICCDRS,Theridiidae,0.002150363127358299
ICCDRS,Culicidae,0.0021097902381628595
ICCDRS,Subulinidae,0.0019880715705765406
ICCDRS,Stratiomyidae,0.0019069257921856615
ICCDRS,Linyphiidae,0.0019069257921856615
ICCDRS,Salticidae,0.001866352902990222
ICCDRS,Pyrgodesmidae,0.0018257800137947823
ICCDRS,Lycaenidae,0.0018257800137947823
ICCDRS,Pipunculidae,0.0017852071245993428
ICCDRS,Limoniidae,0.0017852071245993428
ICCDRS,Ptinidae,0.0017040613462084636
ICCDRS,Gnaphosidae,0.0017040613462084636
ICCDRS,Arctiidae,0.0016634884570130239
ICCDRS,Fanniidae,0.0016229155678175843
ICCDRS,Thespidae,0.0015823426786221446
ICCDRS,Diaspididae,0.0015823426786221446
ICCDRS,Coccidae,0.0015823426786221446
ICCDRS,Corixidae,0.0015011969002312654
ICCDRS,Tachinidae,0.0014200511218403862
ICCDRS,Trogidae,0.0013794782326449467
ICCDRS,Hemerobiidae,0.0013794782326449467
ICCDRS,Mordellidae,0.0013794782326449467
ICCDRS,Myrmeleontidae,0.0013794782326449467
ICCDRS,Spongiphoridae,0.001338905343449507
ICCDRS,Anthocoridae,0.001338905343449507
ICCDRS,Yponomeutidae,0.001257759565058628
ICCDRS,Anyphaenidae,0.001257759565058628
ICCDRS,Bruchidae,0.001257759565058628
ICCDRS,Elachistidae,0.0012171866758631882
ICCDRS,Histeridae,0.0012171866758631882
ICCDRS,Lepidopsocidae,0.0011766137866677487
ICCDRS,Sparassidae,0.0011766137866677487
ICCDRS,Rhyparochromidae,0.0011766137866677487
ICCDRS,Asteiidae,0.0011766137866677487
ICCDRS,Blastobasidae,0.0011766137866677487
ICCDRS,Silvanidae,0.0010548951190814298
ICCDRS,Pleidae,0.0010548951190814298
ICCDRS,Helicinidae,0.0010548951190814298
ICCDRS,Berytidae,0.0010143222298859902
ICCDRS,Buthidae,0.0010143222298859902
ICCDRS,Mythicomyiidae,0.0010143222298859902
ICCDRS,Cyphoderidae,0.0009737493406905505
ICCDRS,Pseudococcidae,0.0009737493406905505
ICCDRS,Ichneumonidae,0.000933176451495111
ICCDRS,Ammotrechidae,0.000933176451495111
ICCDRS,Lycosidae,0.000933176451495111
ICCDRS,Scolopendridae,0.0008926035622996714
ICCDRS,Achatinellidae,0.0008520306731042318
ICCDRS,Choreutidae,0.0008520306731042318
ICCDRS,Alydidae,0.0008114577839087922
ICCDRS,Veronicellidae,0.0008114577839087922
ICCDRS,Nesticidae,0.0008114577839087922
ICCDRS,Margarodidae,0.0008114577839087922
ICCDRS,Peripsocidae,0.0007708848947133526
ICCDRS,Ortheziidae,0.0007708848947133526
ICCDRS,Dermestidae,0.0007708848947133526
ICCDRS,Trogossitidae,0.000730312005517913
ICCDRS,Isotomidae,0.000730312005517913
ICCDRS,Coreidae,0.0006897391163224733
ICCDRS,Tetragnathidae,0.0006897391163224733
ICCDRS,Sciaridae,0.0006897391163224733
ICCDRS,Simuliidae,0.0006897391163224733
ICCDRS,Zopheridae,0.0006491662271270337
ICCDRS,Libellulidae,0.0006491662271270337
ICCDRS,Argasidae,0.0006491662271270337
ICCDRS,Odiniidae,0.0006085933379315941
ICCDRS,Phlaeothripidae,0.0006085933379315941
ICCDRS,Prodidomidae,0.0006085933379315941
ICCDRS,Saldidae,0.0006085933379315941
ICCDRS,Oxychilidae,0.0006085933379315941
ICCDRS,Gerridae,0.0005680204487361545
ICCDRS,Monotomidae,0.0005680204487361545
ICCDRS,Mesovellidae,0.0005274475595407149
ICCDRS,Coenagrionidae,0.0005274475595407149
ICCDRS,Cantharidae,0.0005274475595407149
ICCDRS,Ixodidae,0.0005274475595407149
ICCDRS,Cixiidae,0.0005274475595407149
ICCDRS,Nymphalidae,0.00048687467034527526
ICCDRS,Scytodidae,0.00048687467034527526
ICCDRS,Corinnidae,0.00048687467034527526
ICCDRS,Aeshnidae,0.00048687467034527526
ICCDRS,Eumenidae,0.00048687467034527526
ICCDRS,Laemophloeidae,0.0004463017811498357
ICCDRS,Gyrinidae,0.0004463017811498357
ICCDRS,Oecobiidae,0.0004463017811498357
ICCDRS,Sphaeroceridae,0.0004463017811498357
ICCDRS,Mysmenidae,0.0004463017811498357
ICCDRS,Geophilidae,0.0004057288919543961
ICCDRS,Milichiidae,0.0004057288919543961
ICCDRS,Carcinophoridae,0.0004057288919543961
ICCDRS,Ciidae,0.0004057288919543961
ICCDRS,Scolodontidae,0.0004057288919543961
ICCDRS,Tischeriidae,0.0004057288919543961
ICCDRS,Oligotomidae,0.0003651560027589565
ICCDRS,Mycetophagidae,0.0003651560027589565
ICCDRS,Ripiphoridae,0.0003651560027589565
ICCDRS,Oxyopidae,0.0003651560027589565
ICCDRS,Oonopidae,0.00032458311356351686
ICCDRS,Bucculatricidae,0.00032458311356351686
ICCDRS,Pholcidae,0.00032458311356351686
ICCDRS,Meloidae,0.00032458311356351686
ICCDRS,Scolopocryptopidae,0.00032458311356351686
ICCDRS,Coleophoridae,0.00032458311356351686
ICCDRS,Ephydridae,0.00032458311356351686
ICCDRS,Heliodinidae,0.00028401022436807724
ICCDRS,Canacidae,0.00028401022436807724
ICCDRS,Chironomidae,0.00028401022436807724
ICCDRS,Acrolepiidae,0.00024343733517263763
ICCDRS,Endomychidae,0.00024343733517263763
ICCDRS,Zoridae,0.00024343733517263763
ICCDRS,Polyphagidae,0.00020286444597719804
ICCDRS,Dictynidae,0.00020286444597719804
ICCDRS,Tabanidae,0.00020286444597719804
ICCDRS,Brentidae,0.00020286444597719804
ICCDRS,Hubbardiidae,0.00020286444597719804
ICCDRS,Pseudocaeciliidae,0.00020286444597719804
ICCDRS,Aleyrodidae,0.00020286444597719804
ICCDRS,Tineidae,0.00016229155678175843
ICCDRS,Elenchidae,0.00016229155678175843
ICCDRS,Discolomatidae,0.00016229155678175843
ICCDRS,Kalotermitidae,0.00016229155678175843
ICCDRS,Schendylidae,0.00016229155678175843
ICCDRS,Euxestidae,0.00016229155678175843
ICCDRS,Selenopidae,0.00016229155678175843
ICCDRS,Opostegidae,0.00016229155678175843
ICCDRS,Eriococcidae,0.00016229155678175843
ICCDRS,Veliidae,0.00016229155678175843
ICCDRS,Epipsocidae,0.00016229155678175843
ICCDRS,Nolidae,0.00016229155678175843
ICCDRS,Uraniidae,0.00016229155678175843
ICCDRS,Segestriidae,0.00016229155678175843
ICCDRS,Lepismatidae,0.00016229155678175843
ICCDRS,Ectopsocidae,0.00012171866758631882
ICCDRS,Sphecidae,0.00012171866758631882
ICCDRS,Neanuridae,0.00012171866758631882
ICCDRS,Euconulidae,0.00012171866758631882
ICCDRS,Sicariidae,0.00012171866758631882
ICCDRS,Philotarsidae,0.00012171866758631882
ICCDRS,Oryidae,0.00012171866758631882
ICCDRS,Latridiidae,0.00012171866758631882
ICCDRS,Thomisidae,0.00012171866758631882
ICCDRS,Ptiliidae,0.00012171866758631882
ICCDRS,Lachesillidae,0.00012171866758631882
ICCDRS,Scenopinidae,8.114577839087921e-05
ICCDRS,Hippoboscidae,8.114577839087921e-05
ICCDRS,Hybotidae,8.114577839087921e-05
ICCDRS,Pteromalidae,8.114577839087921e-05
ICCDRS,Myopsocidae,8.114577839087921e-05
ICCDRS,Ochyroceratidae,8.114577839087921e-05
ICCDRS,Uloboridae,8.114577839087921e-05
ICCDRS,Onychiuridae,8.114577839087921e-05
ICCDRS,Melyridae,8.114577839087921e-05
ICCDRS,Chyromyidae,8.114577839087921e-05
ICCDRS,Scutigerellidae,8.114577839087921e-05
ICCDRS,Tylidae,8.114577839087921e-05
ICCDRS,Cecidomyiidae,8.114577839087921e-05
ICCDRS,Aeolothripidae,8.114577839087921e-05
ICCDRS,Issidae,4.057288919543961e-05
ICCDRS,Psocidae,4.057288919543961e-05
ICCDRS,Archipsocidae,4.057288919543961e-05
ICCDRS,Pieridae,4.057288919543961e-05
ICCDRS,Megascolecidae,4.057288919543961e-05
ICCDRS,Tripiduchidae,4.057288919543961e-05
ICCDRS,Merothripidae,4.057288919543961e-05
ICCDRS,Zonitidae,4.057288919543961e-05
ICCDRS,Scatopsidae,4.057288919543961e-05
ICCDRS,Haliplidae,4.057288919543961e-05
ICCDRS,Caeciliidae,4.057288919543961e-05
ICCDRS,Succineidae,4.057288919543961e-05
ICCDRS,Charontidae,4.057288919543961e-05
ICCDRS,Rhyscotidae,4.057288919543961e-05
ICCDRS,Filistatidae,4.057288919543961e-05
ICCDRS,Haplodesmidae,4.057288919543961e-05
ICCDRS,Henicopidae,4.057288919543961e-05
ICCDRS,Sphingidae,4.057288919543961e-05
ICCDRS,Thripidae,4.057288919543961e-05
MCCDRS,Xanthidae,0.03303245630881506
MCCDRS,Muricidae,0.032648357979642786
MCCDRS,Columbellidae,0.027078932206644903
MCCDRS,Alpheidae,0.024774342231611294
MCCDRS,Conidae,0.024006145573266757
MCCDRS,Holothuriidae,0.01997311311695794
MCCDRS,Styelidae,0.01613212982523526
MCCDRS,Dendrophylliidae,0.01613212982523526
MCCDRS,Mithracidae,0.014979834837718456
MCCDRS,Balanidae,0.014787785673132322
MCCDRS,Didemnidae,0.013827539850201652
MCCDRS,Fissurellidae,0.013635490685615518
MCCDRS,Arcidae,0.013251392356443249
MCCDRS,Cypraeidae,0.012867294027270982
MCCDRS,Palaemonidae,0.012675244862684848
MCCDRS,Pisaniidae,0.011907048204340312
MCCDRS,Fasciolariidae,0.011714999039754178
MCCDRS,Porcellanidae,0.011522949875168043
MCCDRS,Agariciidae,0.011522949875168043
MCCDRS,Congridae,0.011330900710581909
MCCDRS,Cerithiidae,0.011330900710581909
MCCDRS,Nassariidae,0.011330900710581909
MCCDRS,Hipponicidae,0.01094680238140964
MCCDRS,Epialtidae,0.00998655655847897
MCCDRS,Mitridae,0.009602458229306703
MCCDRS,Serranidae,0.009602458229306703
MCCDRS,Celleporidae,0.009218359900134435
MCCDRS,Terebridae,0.008258114077203765
MCCDRS,Polyclinidae,0.00806606491261763
MCCDRS,Bullidae,0.007874015748031496
MCCDRS,Veneridae,0.007874015748031496
MCCDRS,Mytilidae,0.007489917418859228
MCCDRS,Cymatiidae,0.007297868254273094
MCCDRS,Oziidae,0.0071058190896869594
MCCDRS,Haemulidae,0.006913769925100826
MCCDRS,Schizoporellidae,0.006721720760514692
MCCDRS,Portunidae,0.006721720760514692
MCCDRS,Mugilidae,0.006721720760514692
MCCDRS,Diogenidae,0.006721720760514692
MCCDRS,Tegulidae,0.006529671595928557
MCCDRS,Bugulidae,0.006337622431342424
MCCDRS,Littorinidae,0.0061455732667562895
MCCDRS,Vesiculariidae,0.005761474937584022
MCCDRS,Lucinidae,0.005569425772997887
MCCDRS,Pomacentridae,0.005377376608411754
MCCDRS,Ocypodidae,0.0051853274438256195
MCCDRS,Labrisomidae,0.0051853274438256195
MCCDRS,Pocilloporidae,0.0051853274438256195
MCCDRS,Ophiotrichidae,0.0051853274438256195
MCCDRS,Neritidae,0.004993278279239485
MCCDRS,Cardiidae,0.004993278279239485
MCCDRS,Muraenidae,0.004801229114653352
MCCDRS,Cassidae,0.004801229114653352
MCCDRS,Mycalidae,0.004801229114653352
MCCDRS,Isognomonidae,0.004609179950067217
MCCDRS,Penaeidae,0.004609179950067217
MCCDRS,Rhizangiidae,0.004609179950067217
MCCDRS,Savignyellidae,0.004609179950067217
MCCDRS,Lottiidae,0.004609179950067217
MCCDRS,Pseudorhombilidae,0.004417130785481083
MCCDRS,Triviidae,0.004417130785481083
MCCDRS,Caryophylliidae,0.0042250816208949495
MCCDRS,Actiniidae,0.0042250816208949495
MCCDRS,Carangidae,0.004033032456308815
MCCDRS,Ophidiasteridae,0.004033032456308815
MCCDRS,Paguridae,0.003840983291722681
MCCDRS,Gobiidae,0.003840983291722681
MCCDRS,Campanulariidae,0.003840983291722681
MCCDRS,Chamidae,0.003840983291722681
MCCDRS,Cidaridae,0.003840983291722681
MCCDRS,Naticidae,0.003840983291722681
MCCDRS,Epitoniidae,0.003648934127136547
MCCDRS,Rissoinidae,0.003648934127136547
MCCDRS,Tellinidae,0.003648934127136547
MCCDRS,Litiopidae,0.003648934127136547
MCCDRS,Ellobiidae,0.003456884962550413
MCCDRS,Serpulidae,0.003456884962550413
MCCDRS,Chitonidae,0.003456884962550413
MCCDRS,Inachoididae,0.003456884962550413
MCCDRS,Grapsidae,0.0032648357979642786
MCCDRS,Gonodactylidae,0.0032648357979642786
MCCDRS,Noetiidae,0.0032648357979642786
MCCDRS,Semelidae,0.0032648357979642786
MCCDRS,Pennariidae,0.0032648357979642786
MCCDRS,Carditidae,0.0032648357979642786
MCCDRS,Dynomenidae,0.0030727866333781447
MCCDRS,Lysmatidae,0.0030727866333781447
MCCDRS,Pectinidae,0.0030727866333781447
MCCDRS,Planaxidae,0.0030727866333781447
MCCDRS,Calyptraeidae,0.0030727866333781447
MCCDRS,Ophiocomidae,0.0030727866333781447
MCCDRS,Trapeziidae,0.002880737468792011
MCCDRS,Gerreidae,0.002880737468792011
MCCDRS,Exocoetidae,0.002880737468792011
MCCDRS,Onchidiidae,0.002880737468792011
MCCDRS,Drilliidae,0.002880737468792011
MCCDRS,Gorgoniidae,0.002880737468792011
MCCDRS,Aplysiidae,0.002880737468792011
MCCDRS,Hippopodinidae,0.002688688304205877
MCCDRS,Hymedesmiidae,0.002688688304205877
MCCDRS,Eriphiidae,0.002688688304205877
MCCDRS,Psammocoridae,0.002688688304205877
MCCDRS,Scorpaenidae,0.002688688304205877
MCCDRS,Marginellidae,0.002688688304205877
MCCDRS,Blenniidae,0.002688688304205877
MCCDRS,Parthenopidae,0.0024966391396197426
MCCDRS,Sabellidae,0.0024966391396197426
MCCDRS,Margaritidae,0.0024966391396197426
MCCDRS,Olividae,0.0024966391396197426
MCCDRS,Aglaopheniidae,0.0024966391396197426
MCCDRS,Hippidae,0.0024966391396197426
MCCDRS,Oreasteridae,0.0023045899750336087
MCCDRS,Echinometridae,0.0023045899750336087
MCCDRS,Ophionereididae,0.0023045899750336087
MCCDRS,Chalinidae,0.0023045899750336087
MCCDRS,Colubrariidae,0.0023045899750336087
MCCDRS,Stylasteridae,0.0023045899750336087
MCCDRS,Labridae,0.0023045899750336087
MCCDRS,Fungiidae,0.0021125408104474747
MCCDRS,Inachidae,0.0021125408104474747
MCCDRS,Myriopathidae,0.0021125408104474747
MCCDRS,Cancellariidae,0.0021125408104474747
MCCDRS,Ophiactidae,0.0021125408104474747
MCCDRS,Prenasteridae,0.0021125408104474747
MCCDRS,Galeommatidae,0.0021125408104474747
MCCDRS,Hippolytidae,0.0021125408104474747
MCCDRS,Watersiporidae,0.0021125408104474747
MCCDRS,Leucosiidae,0.0019204916458613404
MCCDRS,Andvakiidae,0.0019204916458613404
MCCDRS,Toxopneustidae,0.0019204916458613404
MCCDRS,Siphonariidae,0.0019204916458613404
MCCDRS,Limidae,0.0019204916458613404
MCCDRS,Ungulinidae,0.0017284424812752065
MCCDRS,Sparidae,0.0017284424812752065
MCCDRS,Tetraodontidae,0.0017284424812752065
MCCDRS,Myxinidae,0.0017284424812752065
MCCDRS,Rhynchocinetidae,0.0017284424812752065
MCCDRS,Euphausiidae,0.0017284424812752065
MCCDRS,Cerithiopsidae,0.0017284424812752065
MCCDRS,Stichopodidae,0.0017284424812752065
MCCDRS,Ostreidae,0.0015363933166890724
MCCDRS,Astrangiidae,0.0015363933166890724
MCCDRS,Luidiidae,0.0015363933166890724
MCCDRS,Calliostomatidae,0.0015363933166890724
MCCDRS,Dorosomatidae,0.0015363933166890724
MCCDRS,Hemiramphidae,0.0015363933166890724
MCCDRS,Eleotridae,0.0015363933166890724
MCCDRS,Dairidae,0.0015363933166890724
MCCDRS,Lepadidae,0.0015363933166890724
MCCDRS,Pyuridae,0.0015363933166890724
MCCDRS,Apogonidae,0.0015363933166890724
MCCDRS,Acanthochitonidae,0.0015363933166890724
MCCDRS,Antipathidae,0.0015363933166890724
MCCDRS,Sertulariidae,0.0015363933166890724
MCCDRS,Pterosagittidae,0.0015363933166890724
MCCDRS,Scombridae,0.0015363933166890724
MCCDRS,Clypeasteridae,0.0013443441521029385
MCCDRS,Holocentridae,0.0013443441521029385
MCCDRS,Vermetidae,0.0013443441521029385
MCCDRS,Harpidae,0.0013443441521029385
MCCDRS,Gobiesocidae,0.0013443441521029385
MCCDRS,Scyllaridae,0.0013443441521029385
MCCDRS,Kyphosidae,0.0013443441521029385
MCCDRS,Calappidae,0.0013443441521029385
MCCDRS,Ophichthidae,0.0013443441521029385
MCCDRS,Syngnathidae,0.0013443441521029385
MCCDRS,Plagusiidae,0.0013443441521029385
MCCDRS,Sicyoniidae,0.0013443441521029385
MCCDRS,Ogcocephalidae,0.0013443441521029385
MCCDRS,Ophiodermatidae,0.0013443441521029385
MCCDRS,Engraulidae,0.0011522949875168043
MCCDRS,Cassidulidae,0.0011522949875168043
MCCDRS,Chaetopteridae,0.0011522949875168043
MCCDRS,Plexauridae,0.0011522949875168043
MCCDRS,Panopeidae,0.0011522949875168043
MCCDRS,Axiidae,0.0011522949875168043
MCCDRS,Chromodorididae,0.0011522949875168043
MCCDRS,Sclerodactylidae,0.0011522949875168043
MCCDRS,Aglajidae,0.0011522949875168043
MCCDRS,Thalassematidae,0.0011522949875168043
MCCDRS,Tubulariidae,0.0011522949875168043
MCCDRS,Modulidae,0.0011522949875168043
MCCDRS,Dendrodorididae,0.0011522949875168043
MCCDRS,Lutjanidae,0.0011522949875168043
MCCDRS,Pediculariidae,0.0011522949875168043
MCCDRS,Cystiscidae,0.0009602458229306702
MCCDRS,Malacanthidae,0.0009602458229306702
MCCDRS,Oculinidae,0.0009602458229306702
MCCDRS,Tethyidae,0.0009602458229306702
MCCDRS,Coenobitidae,0.0009602458229306702
MCCDRS,Amphinomidae,0.0009602458229306702
MCCDRS,Ophiacanthidae,0.0009602458229306702
MCCDRS,Percnidae,0.0009602458229306702
MCCDRS,Astropectinidae,0.0009602458229306702
MCCDRS,Pycnogonidae,0.0009602458229306702
MCCDRS,Pinnidae,0.0009602458229306702
MCCDRS,Chirostylidae,0.0009602458229306702
MCCDRS,Poritidae,0.0009602458229306702
MCCDRS,Pseudomelatomidae,0.0009602458229306702
MCCDRS,Atyidae,0.0009602458229306702
MCCDRS,Pseudosquillidae,0.0009602458229306702
MCCDRS,Tedaniidae,0.0009602458229306702
MCCDRS,Barleeiidae,0.0009602458229306702
MCCDRS,Clionaidae,0.0009602458229306702
MCCDRS,Solecurtidae,0.0009602458229306702
MCCDRS,Antennariidae,0.0009602458229306702
MCCDRS,Domeciidae,0.0007681966583445362
MCCDRS,Membraniporidae,0.0007681966583445362
MCCDRS,Ophidiidae,0.0007681966583445362
MCCDRS,Acidopsidae,0.0007681966583445362
MCCDRS,Aethridae,0.0007681966583445362
MCCDRS,Ammotheidae,0.0007681966583445362
MCCDRS,Onychoteuthidae,0.0007681966583445362
MCCDRS,Ommastrephidae,0.0007681966583445362
MCCDRS,Myctophidae,0.0007681966583445362
MCCDRS,Antroporidae,0.0007681966583445362
MCCDRS,Asteriidae,0.0007681966583445362
MCCDRS,Chondrillidae,0.0007681966583445362
MCCDRS,Leptosomatidae,0.0007681966583445362
MCCDRS,Hemieuryalidae,0.0007681966583445362
MCCDRS,Bursidae,0.0007681966583445362
MCCDRS,Granulinidae,0.0007681966583445362
MCCDRS,Gigantoporidae,0.0007681966583445362
MCCDRS,Geodiidae,0.0007681966583445362
MCCDRS,Pinnotheridae,0.0007681966583445362
MCCDRS,Chaetodontidae,0.0007681966583445362
MCCDRS,Paramuriceidae,0.0007681966583445362
MCCDRS,Hirudinellidae,0.0007681966583445362
MCCDRS,Thysanoteuthidae,0.0007681966583445362
MCCDRS,Plumulariidae,0.0007681966583445362
MCCDRS,Polymastiidae,0.0007681966583445362
MCCDRS,Pleurobranchidae,0.0007681966583445362
MCCDRS,Pyroteuthidae,0.0007681966583445362
MCCDRS,Triphoridae,0.0007681966583445362
MCCDRS,Raphitomidae,0.0007681966583445362
MCCDRS,Strombidae,0.0007681966583445362
MCCDRS,Scaridae,0.0007681966583445362
MCCDRS,Stelligeridae,0.0007681966583445362
MCCDRS,Loveniidae,0.0005761474937584022
MCCDRS,Moridae,0.0005761474937584022
MCCDRS,Munidopsidae,0.0005761474937584022
MCCDRS,Turritellidae,0.0005761474937584022
MCCDRS,Mellitidae,0.0005761474937584022
MCCDRS,Balistidae,0.0005761474937584022
MCCDRS,Mangeliidae,0.0005761474937584022
MCCDRS,Mithrodiidae,0.0005761474937584022
MCCDRS,Haliotidae,0.0005761474937584022
MCCDRS,Lichenoporidae,0.0005761474937584022
MCCDRS,Tetraclitidae,0.0005761474937584022
MCCDRS,Dactyloscopidae,0.0005761474937584022
MCCDRS,Bythitidae,0.0005761474937584022
MCCDRS,Calanidae,0.0005761474937584022
MCCDRS,Chaenopsidae,0.0005761474937584022
MCCDRS,Eunotiaceae,0.0005761474937584022
MCCDRS,Eratoidae,0.0005761474937584022
MCCDRS,Darwinellidae,0.0005761474937584022
MCCDRS,Nettastomatidae,0.0005761474937584022
MCCDRS,Discodorididae,0.0005761474937584022
MCCDRS,Phidoloporidae,0.0005761474937584022
MCCDRS,Phasianellidae,0.0005761474937584022
MCCDRS,Aeolidiidae,0.0005761474937584022
MCCDRS,Polyceridae,0.0005761474937584022
MCCDRS,Sciaenidae,0.0005761474937584022
MCCDRS,Polynoidae,0.0005761474937584022
MCCDRS,Alosidae,0.0005761474937584022
MCCDRS,Scaphandridae,0.0005761474937584022
MCCDRS,Ovulidae,0.0005761474937584022
MCCDRS,Pomacanthidae,0.0005761474937584022
MCCDRS,Pilumnidae,0.0005761474937584022
MCCDRS,Physaliidae,0.0005761474937584022
MCCDRS,Alvinellidae,0.0005761474937584022
MCCDRS,Pennatulidae,0.0005761474937584022
MCCDRS,Petrosiidae,0.0005761474937584022
MCCDRS,Phyllodocidae,0.0005761474937584022
MCCDRS,Eulimidae,0.0003840983291722681
MCCDRS,Eudendriidae,0.0003840983291722681
MCCDRS,Ethusidae,0.0003840983291722681
MCCDRS,Psammobiidae,0.0003840983291722681
MCCDRS,Trichiuridae,0.0003840983291722681
MCCDRS,Exechonellidae,0.0003840983291722681
MCCDRS,Oceaniidae,0.0003840983291722681
MCCDRS,Syllidae,0.0003840983291722681
MCCDRS,Smittinidae,0.0003840983291722681
MCCDRS,Phascolosomatidae,0.0003840983291722681
MCCDRS,Tripterygiidae,0.0003840983291722681
MCCDRS,Candidae,0.0003840983291722681
MCCDRS,Calloporidae,0.0003840983291722681
MCCDRS,Synodontidae,0.0003840983291722681
MCCDRS,Fistulariidae,0.0003840983291722681
MCCDRS,Gecarcinidae,0.0003840983291722681
MCCDRS,Tonnidae,0.0003840983291722681
MCCDRS,Palinuridae,0.0003840983291722681
MCCDRS,Palicidae,0.0003840983291722681
MCCDRS,Thoridae,0.0003840983291722681
MCCDRS,Halichondriidae,0.0003840983291722681
MCCDRS,Halopterididae,0.0003840983291722681
MCCDRS,Heliasteridae,0.0003840983291722681
MCCDRS,Hesionidae,0.0003840983291722681
MCCDRS,Ischnochitonidae,0.0003840983291722681
MCCDRS,Hymerhabdiidae,0.0003840983291722681
MCCDRS,Aplysinellidae,0.0003840983291722681
MCCDRS,Caulerpaceae,0.0003840983291722681
MCCDRS,Asterinidae,0.0003840983291722681
MCCDRS,Tetillidae,0.0003840983291722681
MCCDRS,Mullidae,0.0003840983291722681
MCCDRS,Condylocardiidae,0.0003840983291722681
MCCDRS,Cryptochiridae,0.0003840983291722681
MCCDRS,Polynemidae,0.0003840983291722681
MCCDRS,Microporellidae,0.0003840983291722681
MCCDRS,Valenciniidae,0.0003840983291722681
MCCDRS,Pteriidae,0.0003840983291722681
MCCDRS,Clathrinidae,0.0003840983291722681
MCCDRS,Coryphaenidae,0.0003840983291722681
MCCDRS,Desmacellidae,0.0003840983291722681
MCCDRS,Diadematidae,0.0003840983291722681
MCCDRS,Tylodinidae,0.0003840983291722681
MCCDRS,Cribrilinidae,0.0003840983291722681
MCCDRS,Munididae,0.0003840983291722681
MCCDRS,Diadesmidaceae,0.0003840983291722681
MCCDRS,Dictyonellidae,0.0003840983291722681
MCCDRS,Menippidae,0.0003840983291722681
MCCDRS,Primnoidae,0.0003840983291722681
MCCDRS,Spongiphoridae,0.00019204916458613405
MCCDRS,Pyramidellidae,0.00019204916458613405
MCCDRS,Stercorariidae,0.00019204916458613405
MCCDRS,Sternoptychidae,0.00019204916458613405
MCCDRS,Ophiotomidae,0.00019204916458613405
MCCDRS,Acartiidae,0.00019204916458613405
MCCDRS,Acanthuridae,0.00019204916458613405
MCCDRS,Architectonicidae,0.00019204916458613405
MCCDRS,Porpitidae,0.00019204916458613405
MCCDRS,Asterodiscididae,0.00019204916458613405
MCCDRS,Pinnulariaceae,0.00019204916458613405
MCCDRS,Arhynchobatidae,0.00019204916458613405
MCCDRS,Phoxichilidiidae,0.00019204916458613405
MCCDRS,Sphyraenidae,0.00019204916458613405
MCCDRS,Opecoelidae,0.00019204916458613405
MCCDRS,Amphoriscidae,0.00019204916458613405
MCCDRS,Peristediidae,0.00019204916458613405
MCCDRS,Ophiothamnidae,0.00019204916458613405
MCCDRS,Pentametrocrinidae,0.00019204916458613405
MCCDRS,Octopodidae,0.00019204916458613405
MCCDRS,Assimineidae,0.00019204916458613405
MCCDRS,Siboglinidae,0.00019204916458613405
MCCDRS,Odontasteridae,0.00019204916458613405
MCCDRS,Raninidae,0.00019204916458613405
MCCDRS,Rhincalanidae,0.00019204916458613405
MCCDRS,Sergestidae,0.00019204916458613405
MCCDRS,Ascidiidae,0.00019204916458613405
MCCDRS,Amphipleuraceae,0.00019204916458613405
MCCDRS,Bothidae,0.00019204916458613405
MCCDRS,Asteropseidae,0.00019204916458613405
MCCDRS,Caraboctonidae,0.00019204916458613405
MCCDRS,Echinophallidae,0.00019204916458613405
MCCDRS,Elapidae,0.00019204916458613405
MCCDRS,Triglidae,0.00019204916458613405
MCCDRS,Elopidae,0.00019204916458613405
MCCDRS,Entomoneidaceae,0.00019204916458613405
MCCDRS,Ephippidae,0.00019204916458613405
MCCDRS,Capulidae,0.00019204916458613405
MCCDRS,Bythograeidae,0.00019204916458613405
MCCDRS,Eumunididae,0.00019204916458613405
MCCDRS,Euretidae,0.00019204916458613405
MCCDRS,Sternostylidae,0.00019204916458613405
MCCDRS,Tornatinidae,0.00019204916458613405
MCCDRS,Callistoplacidae,0.00019204916458613405
MCCDRS,Glycymerididae,0.00019204916458613405
MCCDRS,Echeneidae,0.00019204916458613405
MCCDRS,Dromiidae,0.00019204916458613405
MCCDRS,Trypostegidae,0.00019204916458613405
MCCDRS,Diodontidae,0.00019204916458613405
MCCDRS,Dictyotaceae,0.00019204916458613405
MCCDRS,Diclidophoridae,0.00019204916458613405
MCCDRS,Centropomidae,0.00019204916458613405
MCCDRS,Deimatidae,0.00019204916458613405
MCCDRS,Vesicomyidae,0.00019204916458613405
MCCDRS,Cyclodorippidae,0.00019204916458613405
MCCDRS,Crisiidae,0.00019204916458613405
MCCDRS,Vulcanellidae,0.00019204916458613405
MCCDRS,Colatooeciidae,0.00019204916458613405
MCCDRS,Cleidochasmatidae,0.00019204916458613405
MCCDRS,Cirrhitidae,0.00019204916458613405
MCCDRS,Cichlidae,0.00019204916458613405
MCCDRS,Chanidae,0.00019204916458613405
MCCDRS,Callianideidae,0.00019204916458613405
MCCDRS,Pseudodiaptomidae,0.00019204916458613405
MCCDRS,Borsoniidae,0.00019204916458613405
MCCDRS,Synaptidae,0.00019204916458613405
MCCDRS,Bitectiporidae,0.00019204916458613405
MCCDRS,Syrphidae,0.00019204916458613405
MCCDRS,Botrucnidiferidae,0.00019204916458613405
MCCDRS,Telorchiidae,0.00019204916458613405
MCCDRS,Mactridae,0.00019204916458613405
MCCDRS,Majidae,0.00019204916458613405
MCCDRS,Brisingidae,0.00019204916458613405
MCCDRS,Kuhliidae,0.00019204916458613405
MCCDRS,Ligiidae,0.00019204916458613405
MCCDRS,Malakichthyidae,0.00019204916458613405
MCCDRS,Batillariidae,0.00019204916458613405
MCCDRS,Axinellidae,0.00019204916458613405
MCCDRS,Microcionidae,0.00019204916458613405
MCCDRS,Bryopsidaceae,0.00019204916458613405
MCCDRS,Bubaridae,0.00019204916458613405
MCCDRS,Bucephalidae,0.00019204916458613405
MCCDRS,Aulostomidae,0.00019204916458613405
MCCDRS,Thorectidae,0.00019204916458613405
MCCDRS,Haleciidae,0.00019204916458613405
MCCDRS,Charoniidae,0.00019204916458613405
VCCDRS,Otariidae,0.16005291005291006
VCCDRS,Thraupidae,0.15145502645502645
VCCDRS,Iguanidae,0.06944444444444445
VCCDRS,Muridae,0.046957671957671955
VCCDRS,Parulidae,0.03835978835978836
VCCDRS,Gekkonidae,0.037698412698412696
VCCDRS,Hylidae,0.03439153439153439
VCCDRS,Testunidae,0.03306878306878307
VCCDRS,Cricetidae,0.03042328042328042
VCCDRS,Cuculidae,0.0291005291005291
VCCDRS,Dipsadidae,0.0291005291005291
VCCDRS,Procellariidae,0.027777777777777776
VCCDRS,Cheloniidae,0.027116402116402115
VCCDRS,Columbidae,0.026455026455026454
VCCDRS,Sulidae,0.025793650793650792
VCCDRS,Ardeidae,0.021825396825396824
VCCDRS,Mimidae,0.018518518518518517
VCCDRS,Phasianidae,0.01521164021164021
VCCDRS,Laridae,0.01455026455026455
VCCDRS,Rallidae,0.013227513227513227
VCCDRS,Delphinidae,0.013227513227513227
VCCDRS,Hydrobatidae,0.011904761904761904
VCCDRS,Spheniscidae,0.011243386243386243
VCCDRS,Tytonidae,0.00992063492063492
VCCDRS,Tyrannidae,0.00992063492063492
VCCDRS,Phalacrocoracidae,0.009259259259259259
VCCDRS,Phaethontidae,0.009259259259259259
VCCDRS,Fregatidae,0.007936507936507936
VCCDRS,Tropiduridae,0.007936507936507936
VCCDRS,Vespertilionidae,0.007936507936507936
VCCDRS,Elapidae,0.007275132275132275
VCCDRS,Diomedeidae,0.006613756613756613
VCCDRS,Strigidae,0.006613756613756613
VCCDRS,Scolopacidae,0.005952380952380952
VCCDRS,Accipitridae,0.005291005291005291
VCCDRS,Felidae,0.003968253968253968
VCCDRS,Canidae,0.0026455026455026454
VCCDRS,Anatidae,0.001984126984126984
VCCDRS,Hirundinidae,0.001984126984126984
VCCDRS,Ziphiidae,0.001984126984126984
VCCDRS,Recurvirostridae,0.0013227513227513227
VCCDRS,Bufonidae,0.0006613756613756613
VCCDRS,Charadriidae,0.0006613756613756613
VCCDRS,Suidae,0.0006613756613756613
VCCDRS,Struthionidae,0.0006613756613756613
VCCDRS,Equidae,0.0006613756613756613
VCCDRS,Scincidae,0.0006613756613756613
VCCDRS,Gymnophthalmidae,0.0006613756613756613
VCCDRS,Icteridae,0.0006613756613756613
